,1,2,3,4,5,6
Experiments,Bed,Container,Hour,Dye,Charlton_Athletic_F.C.,Gas_syringe
,Palette_knife,Oral_history,Foolscap,Imagination,Pantograph,Safety_lamp
Comets,Plaque,Amylase,Rickets,Bile,Dental_pulp,Dye
Oceanic_countries,List_of_French_football_teams,Fishing_net,Depth,Cost_of_living,London_Borough_of_Islington,London_Borough_of_Merton
Mechanics,Protease,List_of_French_football_teams,List_of_French_football_teams,List_of_mathematicians,Houseplant,London_Borough_of_Islington
Cartography,List_of_French_football_teams,Server_log,Palette_knife,Plaque,Charlton_Athletic_F.C.,Bankside
Messaging,Poland,Norway,Republic_of_China,Indonesia,Sweden,Turkey
Companies_listed_on_NASDAQ,Palette_knife,Mancala,Nim,Uncle,Dye,List_of_Portuguese_football_teams
Political_parties,Hill,Week,Plaque,Evidence,Air_space,Glass_rod
Non-verbal_communication,List_of_mathematicians,List_of_mathematicians,Server_log,Protease,Outer_space,Container
Physiology,List_of_mathematicians,Server_log,Service_economy,Value,Imagination,Fingerplate
Freedom,Palette_knife,Paperback,NEWI_Cefn_Druids_F.C.,Hawaiian_Islands,Sideboard,Aberystwyth_Town_F.C.
1859_births,Houseplant,List_of_Portuguese_football_teams,London_Borough_of_Islington,London_Borough_of_Merton,London_Borough_of_Wandsworth,London_Borough_of_Greenwich
Symbols,Protease,List_of_French_football_teams,Bed,Frying,List_of_mathematicians,Argon
Punishments,List_of_French_football_teams,Bankside,Bankside,Depth,NEWI_Cefn_Druids_F.C.,Coat
Medicine,List_of_French_football_teams,Protease,List_of_common_elements,List_of_mathematicians,Houseplant,Palette_knife
Chinese_language,Flame_(disambiguation),States_of_Germany,Glass_rod,A.F.C._Wimbledon,Safety_lamp,Hawaiian_Islands
Earth_sciences,Houseplant,Luggage,Christmas_stocking,Headrest,NEWI_Cefn_Druids_F.C.,Camden
1917_deaths,Houseplant,List_of_Portuguese_football_teams,London_Borough_of_Islington,London_Borough_of_Merton,London_Borough_of_Wandsworth,London_Borough_of_Greenwich
Politics_stubs,Protease,List_of_common_elements,Server_log,Governor_General,Hawaiian_Islands,Hawaiian_Islands
Microeconomics,List_of_mathematicians,Houseplant,Palette_knife,Luffa,A.F.C._Wimbledon,Sheffield_F.C.
History_of_Spain,Protease,Mudguard,Christmas_stocking,News_agency,Homophone,Dental_pulp
Quebec,Bed,List_of_mathematicians,London_Borough_of_Southwark,Camden,Dye,London_Borough_of_Islington
Limbs_and_extremities,Plaque,Amylase,Shovel,Rickets,Homophone,Bile
Police,Palette_knife,Oral_history,Foolscap,Imagination,Pantograph,Safety_lamp
Death,List_of_French_football_teams,Fishing_net,Vatican_City,1920s,Bed,London_Borough_of_Merton
Life,List_of_common_elements,List_of_mathematicians,Fishing_net,Container,Oral_history,Cognitive_science
Integumentary_system,Japan,Argentina,Austria,Brazil,Turkey,Angola
Glass,List_of_French_football_teams,Pantograph,NEWI_Cefn_Druids_F.C.,Middlesbrough_F.C.,Dye,Charlton_Athletic_F.C.
Crime,List_of_mathematicians,List_of_mathematicians,Dye,Dye,Dye,Palette_knife
Historians,List_of_common_elements,Protease,Fishing_net,Scientist,Condensation,Cosmology
Health,Hill,Houseplant,Houseplant,Minute,Spice,Governor_General
Nuclear_physics,Bed,Bed,Fishing_net,Alexander_Gode,Alexander_Gode,List_of_mathematicians
Geology,List_of_French_football_teams,List_of_common_elements,Bed,Bed,List_of_mathematicians,Palette_knife
Colleges_and_universities,Houseplant,Palette_knife,Uncle,Hawaiian_Islands,List_of_Portuguese_football_teams,London_Borough_of_Islington
American_technology_companies,Palette_knife,Mancala,Nim,Uncle,Dye,List_of_Portuguese_football_teams
Calendars,List_of_mathematicians,Houseplant,Palette_knife,Hour,NEWI_Cefn_Druids_F.C.,Hawaiian_Islands
International_standards,Protease,List_of_common_elements,Immunology,Container,Planet,Bed
Dialects_of_English,List_of_mathematicians,Palette_knife,Palette_knife,Hour,Swamp_cooler,Glass_rod
Ancient_Rome,Hill,Plaque,Evidence,Spice,Seam_ripper,Swamp_cooler
Provinces_of_China,List_of_French_football_teams,Oldham_Cricket_Club,Alexander_Gode,Hour,Hawaiian_Islands,Dye
Units_of_time,Protease,List_of_common_elements,List_of_mathematicians,List_of_mathematicians,List_of_French_football_teams,Frying
English_language,Protease,Protease,Protease,Container,Fishing_net,Houseplant
Greater_Middle_East,Palette,Governor_General,Hour,NEWI_Cefn_Druids_F.C.,Hawaiian_Islands,List_of_Portuguese_football_teams
1865_births,List_of_mathematicians,Imagination,Hour,Fingerplate,Camden,Dye
1936_deaths,List_of_mathematicians,Imagination,Hour,Fingerplate,Camden,Dye
Sino-Tibetan_languages,List_of_French_football_teams,List_of_common_elements,List_of_mathematicians,Tongue-twister,Fishing_net,North_America
Kitchenware,Elizabeth_II,Quebec,Server_log,List_of_common_elements,Pop_music,List_of_mathematicians
Computers,Protease,Protease,Protease,Houseplant,Palette_knife,1000_(number)
Pets,Protease,List_of_common_elements,Bed,List_of_mathematicians,Blindness,Minnesota_River
Europe,Language_families_and_languages,First_language,Bed,Swahili_language,Browser,Flea
Software_licences,Houseplant,NEWI_Cefn_Druids_F.C.,Hawaiian_Islands,Dye,List_of_Portuguese_football_teams,London_Borough_of_Islington
Pop_musicians,Romania,Afghanistan,Norway,Protease,Quebec,List_of_mathematicians
Encyclopedias,Protease,List_of_mathematicians,Palette_knife,Luffa,Hawaiian_Islands,Dye
Transition_metals,Christmas_stocking,Governor_General,Paperback,Plate,Generation,Hawaiian_Islands
Lists,List_of_French_football_teams,Protease,List_of_mathematicians,Hawaiian_Islands,Dye,Charlton_Athletic_F.C.
Gnosticism,List_of_French_football_teams,Protease,Bed,Alexander_Gode,Arabian_Peninsula,1000_(number)
Writing_tools,Botany,List_of_common_elements,Protease,List_of_mathematicians,Houseplant,Eurasia
Spreads,Protease,Frying,Floodlight,Movement,Professor,Open_source
Writing_systems,List_of_French_football_teams,List_of_common_elements,List_of_mathematicians,Tongue-twister,Fishing_net,North_America
Noble_gas,List_of_French_football_teams,Bed,Alexander_Gode,City_of_Westminster,Spice,Great_Plains
Politics,Protease,Protease,Protease,List_of_common_elements,Server_log,List_of_mathematicians
Law,Palette_knife,Palette_knife,Palette_knife,Palette_knife,Alexander_Gode,Alexander_Gode
Philosophy,Server_log,Week,Protease,Protease,Protease,Protease
Years,Protease,List_of_French_football_teams,List_of_common_elements,Frying,List_of_mathematicians,Alexander_Gode
Cosmology,Bed,Server_log,Alexander_Gode,Litre,List_of_mathematicians,Dye
Logic,Protease,List_of_mathematicians,List_of_mathematicians,Frying,Brazil,Turkey
Esperanto,Houseplant,List_of_Portuguese_football_teams,London_Borough_of_Islington,London_Borough_of_Merton,London_Borough_of_Wandsworth,London_Borough_of_Greenwich
Computer_scientists,Browser,Alexander_Gode,Principal,London_Borough_of_Islington,London_Borough_of_Merton,London_Borough_of_Wandsworth
Figures_of_speech,List_of_mathematicians,List_of_mathematicians,List_of_mathematicians,Frying,Container,Alexander_Gode
Constructed_languages,Plaque,Mudguard,Palette_knife,Census,Temple,Christmas_stocking
Measurement,List_of_common_elements,Mercury_(planet),Protease,Protease,Alexander_Gode,Alexander_Gode
Anglicanism,List_of_French_football_teams,Protease,List_of_common_elements,List_of_mathematicians,Fishing_net,Alexander_Gode
Wiki_software,Memory,Palette_knife,Nim,Swamp_cooler,Imagination,Sideboard
Nature,Oral_history,Uncle,Middlesbrough_F.C.,Imagination,Dye,Dye
Human_communication,Poland,Protease,Protease,Iran,Norway,Republic_of_China
Containers,Elizabeth_II,Quebec,Server_log,List_of_common_elements,Pop_music,Bed
Citrus,List_of_mathematicians,Houseplant,Camden,Dye,London_Borough_of_Islington,London_Borough_of_Merton
Footwear,Server_log,Fishing_net,NEWI_Cefn_Druids_F.C.,London_Borough_of_Islington,London_Borough_of_Merton,London_Borough_of_Wandsworth
History,List_of_common_elements,Botany,Houseplant,Oesophagus,Charlton_Athletic_F.C.,Arabian_Peninsula
People_from_London,Browser,Alexander_Gode,Principal,London_Borough_of_Islington,London_Borough_of_Merton,London_Borough_of_Wandsworth
Months,List_of_mathematicians,List_of_mathematicians,List_of_mathematicians,List_of_mathematicians,List_of_mathematicians,List_of_mathematicians
Islands,Houseplant,Uncle,Imagination,Hour,Suffix,London_Borough_of_Islington
Asteroids,List_of_mathematicians,Palette_knife,Sideboard,London_Borough_of_Islington,London_Borough_of_Merton,London_Borough_of_Wandsworth
History_of_Australia,Hill,Fluid_ounce,Air_space,Spice,Glass_rod,Swamp_cooler
1974_births,Romania,Afghanistan,Norway,Protease,Quebec,List_of_mathematicians
Micronesian_islands,List_of_French_football_teams,Fishing_net,Depth,Cost_of_living,London_Borough_of_Islington,London_Borough_of_Merton
Economics,Server_log,Server_log,Server_log,Server_log,Houseplant,Houseplant
Science-related_lists,List_of_common_elements,Server_log,Frying,Palette_knife,Alexander_Gode,Dye
Astronomy,Drink,Houseplant,Hill,Palette_knife,Minute,Christmas_stocking
Graphics_software,List_of_French_football_teams,Bed,Classical_element,London_Borough_of_Islington,London_Borough_of_Merton,London_Borough_of_Wandsworth
1912_births,Browser,Alexander_Gode,Principal,London_Borough_of_Islington,London_Borough_of_Merton,London_Borough_of_Wandsworth
Colors,List_of_common_elements,Dye,Dye,Dye,Hill,List_of_Portuguese_football_teams
Society,Houseplant,Palette_knife,Palette,Paperback,Hour,Camden
Zoos,Palette_knife,NEWI_Cefn_Druids_F.C.,Aberystwyth_Town_F.C.,Dye,List_of_Portuguese_football_teams,London_Borough_of_Islington
VOA_Special_English_words,List_of_French_football_teams,Fishing_net,Bed,London_Borough_of_Camden,London_Borough_of_Camden,Server_log
Letters_(alphabet),Fishing_net,Alberta,London_Borough_of_Merton,London_Borough_of_Wandsworth,London_Borough_of_Greenwich,Cost_of_living
Web_browsers,Palette_knife,Camden,Dye,London_Borough_of_Islington,London_Borough_of_Wandsworth,London_Borough_of_Greenwich
Apple_Inc.,Protease,Houseplant,Paperback,Luffa,Imagination,Hour
English_writers,List_of_mathematicians,Imagination,Hour,Fingerplate,Camden,Dye
Madrid,List_of_common_elements,Bed,Creative_Commons,North_Pole,List_of_mathematicians,Minnesota_River
Empires,Hill,Plaque,Evidence,Spice,Seam_ripper,Swamp_cooler
Microsoft,Palette_knife,Mancala,Nim,Uncle,Dye,List_of_Portuguese_football_teams
Tissues,List_of_French_football_teams,List_of_common_elements,List_of_mathematicians,Server_log,Container,Lake_Michigan
Brazil,List_of_French_football_teams,List_of_mathematicians,Fishing_net,Scottish_Football_League,Alexander_Gode,Charlton_Athletic_F.C.
London,List_of_French_football_teams,Bed,Fishing_net,Alexander_Gode,Frying,Houseplant
Gods_and_goddesses,Container,Cost_of_living,London_Borough_of_Islington,London_Borough_of_Merton,London_Borough_of_Wandsworth,London_Borough_of_Greenwich
Metaphors,List_of_French_football_teams,Server_log,List_of_Spanish_football_teams,NEWI_Cefn_Druids_F.C.,Tributary,Accrington_Stanley_F.C.
Rosaceae,List_of_French_football_teams,Bed,Angola,Server_log,Container,Alexander_Gode
European_Union_member_states,List_of_common_elements,List_of_common_elements,List_of_French_football_teams,List_of_French_football_teams,Frying,Goatee
Slavery,Palette_knife,Mancala,Hour,NEWI_Cefn_Druids_F.C.,Hawaiian_Islands,Dye
Technology_stubs,Protease,Protease,Protease,Protease,Protease,Protease
Hanseatic_League,List_of_French_football_teams,Bed,Fishing_net,Alexander_Gode,Frying,Houseplant
Sociology,List_of_common_elements,Server_log,Alexander_Gode,London_Borough_of_Islington,London_Borough_of_Merton,London_Borough_of_Wandsworth
Ireland,AbiWord,1000_(number),Amylase,Luffa,Bile,Uncle
Math_stubs,Indonesia,Ukraine,Thermometer,Protease,Protease,Protease
1954_deaths,Browser,Alexander_Gode,Principal,London_Borough_of_Islington,London_Borough_of_Merton,London_Borough_of_Wandsworth
Kings_and_queens,Bed,Peace,List_of_mathematicians,Oil,Poetry,Freeware
Apple_software,Australia,Afghanistan,India,Poland,Finland,Japan
Finland,List_of_common_elements,Alexander_Gode,NEWI_Cefn_Druids_F.C.,Hawaiian_Islands,Charlton_Athletic_F.C.,Bankside
Documents,List_of_common_elements,List_of_mathematicians,Palette_knife,London_Borough_of_Islington,London_Borough_of_Merton,London_Borough_of_Wandsworth
Architecture,List_of_French_football_teams,List_of_common_elements,Financial_capital,Container,Alexander_Gode,Dye
Organized_crime,List_of_mathematicians,List_of_French_football_teams,Frying,NEWI_Cefn_Druids_F.C.,Protein,Protoplasm
Anatomy,Hill,Week,Plaque,Air_space,Healthy_diet,Dye
Characteristics,Width,Depth,Bankside,Pin_cushion,Hacksaw,London_Borough_of_Lambeth
Operas,List_of_French_football_teams,Fishing_net,NEWI_Cefn_Druids_F.C.,CNN,Bankside,Roman
Minor_planets,List_of_mathematicians,Palette_knife,Sideboard,London_Borough_of_Islington,London_Borough_of_Merton,London_Borough_of_Wandsworth
Berries,List_of_French_football_teams,Server_log,Palette_knife,NEWI_Cefn_Druids_F.C.,List_of_Portuguese_football_teams,Charlton_Athletic_F.C.
London_boroughs,List_of_French_football_teams,Bed,Fishing_net,Alexander_Gode,Frying,Houseplant
Metabolism,List_of_common_elements,Server_log,List_of_fruits,Dental_pulp,1925,Dye
Epistemology,Houseplant,Palette_knife,Hour,Hawaiian_Islands,List_of_Portuguese_football_teams,London_Borough_of_Islington
Apples,List_of_French_football_teams,Bed,Angola,Server_log,Container,Alexander_Gode
Occult,List_of_mathematicians,Bed,Fishing_net,London_Borough_of_Islington,London_Borough_of_Merton,London_Borough_of_Wandsworth
People_buried_in_Westminster_Abbey,List_of_mathematicians,Imagination,Hour,Fingerplate,Camden,Dye
Architectural_elements,Palette_knife,Christmas_stocking,Palette,Paperback,Uncle,Safety_lamp
Transportation_stubs,Palette_knife,Houseplant,Drink,Hour,Hawaiian_Islands,List_of_Portuguese_football_teams
Currency,List_of_French_football_teams,List_of_common_elements,Metre,Stuttgart,Governor_General,Australasia_(team)
Solanum,List_of_French_football_teams,Server_log,Fishing_net,Palette_knife,Alexander_Gode,Bottle
South-central_Asia,Palette,Governor_General,Hour,NEWI_Cefn_Druids_F.C.,Hawaiian_Islands,List_of_Portuguese_football_teams
Mars,Houseplant,Palette_knife,1000_(number),North,South,Long_jump
United_States_capital_cities,NEWI_Cefn_Druids_F.C.,Charlton_Athletic_F.C.,Sheffield_F.C.,Roman,List_of_Portuguese_football_teams,Middlesbrough_F.C.
Canada,Houseplant,Palette_knife,Oral_history,Freeware,Shovel,Pantograph
Cities_in_Spain,Japanese_language,Thermometer,Bank,Week,Air_space,Spice
United_Kingdom_stubs,List_of_mathematicians,Palette_knife,Dye,London_Borough_of_Islington,London_Borough_of_Merton,London_Borough_of_Wandsworth
Scientists,Bed,Palette_knife,NEWI_Cefn_Druids_F.C.,Camden,Sideboard,Dye
History_of_the_British_Isles,List_of_French_football_teams,Protease,List_of_common_elements,List_of_mathematicians,Fishing_net,Alexander_Gode
Equids,List_of_mathematicians,Van,Palette_knife,Amylase,Corset,Hawaiian_Islands
Rivers_of_Canada,Protease,Definition,Evidence,Waxed_paper,Width,Halley\'s_Comet
Great_Lakes,Drink,Palette_knife,Christmas_stocking,Palette,Imagination,Safety_lamp
Care,Oldham_Cricket_Club,Houseplant,Tributary,Great_Plains,Generation,Hour
Planets,Houseplant,Houseplant,Houseplant,Houseplant,Protease,Protease
Geometry,Angola,Slovenia,Brazil,Mountain,Iran,Skin
Names,Palette_knife,Air_space,Christmas_stocking,Palette,Uncle,Safety_lamp
Computer_science,Alberta,Christmas_stocking,Oldham_Cricket_Club,Oral_history,Foolscap,Uncle
Square_numbers,List_of_French_football_teams,Protease,List_of_common_elements,Bed,Australasia_(team),Arabian_Peninsula
Water_transportation,Houseplant,Hawaiian_Islands,List_of_Portuguese_football_teams,London_Borough_of_Islington,London_Borough_of_Merton,London_Borough_of_Wandsworth
Australasia,List_of_French_football_teams,List_of_mathematicians,Bed,Frying,Container,"Coden,_Alabama"
Gondwana,Protease,Bed,Bed,List_of_French_football_teams,Container,Container
Melanesian_islands,List_of_French_football_teams,Fishing_net,Depth,Cost_of_living,London_Borough_of_Islington,London_Borough_of_Merton
Fish,Houseplant,Hour,Dye,Suffix,List_of_Portuguese_football_teams,London_Borough_of_Islington
Cooking,Protease,List_of_mathematicians,Alexander_Gode,Container,London_Borough_of_Merton,London_Borough_of_Greenwich
Libraries,Houseplant,Palette_knife,Uncle,Imagination,NEWI_Cefn_Druids_F.C.,Safety_lamp
Islam,List_of_common_elements,Bed,Hour,Dental_pulp,Suffix,Charlton_Athletic_F.C.
Spanish-speaking_countries,Australia,Pin_cushion,Blindness,Air,Cytology,Civics
Internet_communication,Poland,Norway,Republic_of_China,Indonesia,Sweden,Turkey
Natural_resources,List_of_mathematicians,Tributary,Hour,Pantograph,Camden,Denarius
Wikimedia,Houseplant,Palette_knife,Palette_knife,Memory,Nim,Hour
Comedy_movies,Alexander_Gode,London_Borough_of_Islington,London_Borough_of_Merton,London_Borough_of_Wandsworth,London_Borough_of_Greenwich,Charlton_Athletic_F.C.
Occupations,List_of_common_elements,Protease,Fishing_net,Scientist,Condensation,Cosmology
Transcendental_numbers,Mountain,Machine_code,Thermometer,Area,Air_space,Spice
Ethics,List_of_mathematicians,Houseplant,Houseplant,Server_log,London_Borough_of_Lambeth,Creativity
Religion_stubs,Protease,Protease,List_of_common_elements,List_of_common_elements,List_of_French_football_teams,List_of_French_football_teams
Integers,Protease,Protease,List_of_common_elements,Bed,Australasia_(team),List_of_Spanish_football_teams
Sports,Palette_knife,Foolscap,Uncle,Hour,Pantograph,Sideboard
Music_stubs,List_of_French_football_teams,Fishing_net,NEWI_Cefn_Druids_F.C.,CNN,Bankside,Roman
Photography,Alexander_Gode,London_Borough_of_Islington,London_Borough_of_Merton,London_Borough_of_Wandsworth,London_Borough_of_Greenwich,Charlton_Athletic_F.C.
Living_people,Romania,Afghanistan,Norway,Protease,Quebec,List_of_mathematicians
Television,Alexander_Gode,London_Borough_of_Islington,London_Borough_of_Merton,London_Borough_of_Wandsworth,London_Borough_of_Greenwich,Charlton_Athletic_F.C.
Linguistics,List_of_common_elements,List_of_common_elements,Protease,Protease,Sweden,Turkey
Death_customs,Protease,Bed,Alexander_Gode,London_Borough_of_Camden,London_Borough_of_Islington,London_Borough_of_Islington
Religious_buildings,Protease,Protease,List_of_mathematicians,List_of_mathematicians,London_Borough_of_Islington,London_Borough_of_Islington
Symptoms,List_of_mathematicians,Palette_knife,Hour,Middlesbrough_F.C.,Sideboard,Dye
Tools,List_of_common_elements,Server_log,Fishing_net,Frying,Palette_knife,Container
Ethnic_groups,Palette_knife,Christmas_stocking,Palette,Pantograph,Halley\'s_Comet,Dye
American_singers,Romania,Afghanistan,Norway,Protease,Quebec,List_of_mathematicians
American_songwriters,Romania,Afghanistan,Norway,Protease,Quebec,List_of_mathematicians
Profanity,List_of_French_football_teams,Iran,Portugal,Albania,Ukraine,Server_log
Indian_people,List_of_mathematicians,London_Borough_of_Islington,London_Borough_of_Merton,London_Borough_of_Wandsworth,London_Borough_of_Greenwich,Bankside
Types_of_crime,List_of_mathematicians,List_of_French_football_teams,Frying,NEWI_Cefn_Druids_F.C.,Protein,Protoplasm
SI_units,List_of_French_football_teams,List_of_common_elements,Thuringia,Alexander_Gode,Middlesbrough_F.C.,Dye
Vatican_City,List_of_French_football_teams,List_of_common_elements,List_of_mathematicians,St._Gallen_(canton),Alexander_Gode,Dye
Basic_English_850_words,List_of_common_elements,List_of_common_elements,List_of_common_elements,List_of_common_elements,List_of_common_elements,List_of_common_elements
Sound,String_theory,Uncle,North_Rhine-Westphalia,North,Saarlouis,Renegades
Basic_physics_ideas,List_of_French_football_teams,Camden,London_Borough_of_Islington,London_Borough_of_Merton,London_Borough_of_Wandsworth,London_Borough_of_Greenwich
Former_capitals_of_the_United_States,List_of_common_elements,City_of_London,Bed,Houseplant,"Toronto,_Ontario",Mile
Leisure,List_of_common_elements,Container,List_of_mathematicians,Slope,List_of_U.S._states,London_Borough_of_Islington
Matter,List_of_French_football_teams,List_of_mathematicians,Stuttgart,Houseplant,Of,States_of_Germany
Imperial_units,London_Borough_of_Islington,London_Borough_of_Islington,London_Borough_of_Islington,London_Borough_of_Merton,London_Borough_of_Wandsworth,London_Borough_of_Wandsworth
Physical_quantity,List_of_mathematicians,List_of_mathematicians,List_of_mathematicians,List_of_French_football_teams,Arabian_Peninsula,List_of_common_elements
Forms_of_government,List_of_mathematicians,"Ottawa,_Ontario",Fishing_net,Gas_syringe,London_Borough_of_Southwark,Safety_lamp
Meats,List_of_French_football_teams,List_of_French_football_teams,London_Borough_of_Islington,London_Borough_of_Islington,London_Borough_of_Islington,London_Borough_of_Islington
Optics,Bed,List_of_common_elements,Frying,List_of_mathematicians,Server_log,Gas_syringe
Plays,Alexander_Gode,London_Borough_of_Islington,London_Borough_of_Merton,London_Borough_of_Wandsworth,London_Borough_of_Greenwich,Charlton_Athletic_F.C.
Census-designated_places,NEWI_Cefn_Druids_F.C.,Charlton_Athletic_F.C.,Sheffield_F.C.,Roman,List_of_Portuguese_football_teams,Middlesbrough_F.C.
Microscopes,List_of_French_football_teams,List_of_common_elements,Bed,Hour,Cost_of_living,Charlton_Athletic_F.C.
Grammy_Award_winners,Romania,Afghanistan,Norway,Protease,Quebec,List_of_mathematicians
Trees,List_of_mathematicians,Palette_knife,Hour,NEWI_Cefn_Druids_F.C.,Hawaiian_Islands,Dye
Central_Asian_countries,Palette,Governor_General,Hour,NEWI_Cefn_Druids_F.C.,Hawaiian_Islands,List_of_Portuguese_football_teams
Grammar,Niihau,Christmas_stocking,Christmas_stocking,Hoe,Calorimeter,Calorimeter
Grains,List_of_common_elements,List_of_mathematicians,Great_Plains,Camden,London_Borough_of_Islington,London_Borough_of_Merton
Fruits,List_of_French_football_teams,List_of_French_football_teams,Protease,List_of_mathematicians,Middlesbrough_F.C.,Suffix
Mathematics,Inch,Kaho\'olawe,Chemical_cell,Telford_United_F.C.,Need,Angola
Countries,List_of_French_football_teams,Protease,List_of_mathematicians,Houseplant,Depth,London_Borough_of_Islington
Rivers,Head,Paperback,Hour,NEWI_Cefn_Druids_F.C.,Aberystwyth_Town_F.C.,List_of_Portuguese_football_teams
Cities,Protease,List_of_mathematicians,Palette_knife,Amylase,North,South
Continents,List_of_common_elements,Bed,List_of_mathematicians,Fishing_net,Browser,Palette_knife
Biology,List_of_mathematicians,List_of_mathematicians,List_of_mathematicians,Protease,Server_log,Server_log
Chemistry,List_of_common_elements,List_of_common_elements,List_of_French_football_teams,Server_log,Server_log,Bed
Christianity,Protease,List_of_common_elements,Governor_General,Tributary,Blackburn_Rovers_F.C.,Camden
Mammals,Protease,Houseplant,Uncle,Hour,Moselle_River,Dye
Jewish_festivals_and_holidays,Bed,Fingerplate,Dye,London_Borough_of_Islington,London_Borough_of_Merton,London_Borough_of_Wandsworth
Model_organisms,List_of_common_elements,List_of_mathematicians,Great_Plains,Camden,London_Borough_of_Islington,London_Borough_of_Merton
States,Crushing_by_elephant,Browser,Container,Plaque,NEWI_Cefn_Druids_F.C.,Gross_domestic_product
Hawaii,Fishing_net,Frying,Alexander_Gode,List_of_mathematicians,Charlton_Athletic_F.C.,Hour
Environment,Middlesbrough_F.C.,Dye,London_Borough_of_Islington,London_Borough_of_Merton,London_Borough_of_Wandsworth,London_Borough_of_Greenwich
British_India,Protease,Vatican_City,Container,Month,Fishing_net,Inch
Nordic_countries,List_of_French_football_teams,List_of_common_elements,Alexander_Gode,Palette_knife,NEWI_Cefn_Druids_F.C.,Protease
Ancient_Greece,List_of_mathematicians,Sheffield_F.C.,List_of_Portuguese_football_teams,London_Borough_of_Islington,London_Borough_of_Merton,London_Borough_of_Wandsworth
Chemical_compounds,List_of_common_elements,Bed,Palette_knife,Maui,Arabian_Peninsula,Indian_Ocean
Geography-related_lists,Protease,Frying,Houseplant,Palette_knife,Camden,London_Borough_of_Islington
Towns_in_Essex,List_of_mathematicians,Palette_knife,Dye,London_Borough_of_Islington,London_Borough_of_Merton,London_Borough_of_Wandsworth
United_Kingdom,Protease,List_of_mathematicians,Houseplant,Palette_knife,Uncle,Imagination
Churches,Australasia_(team),Dye,London_Borough_of_Islington,London_Borough_of_Merton,London_Borough_of_Wandsworth,London_Borough_of_Greenwich
Austria,Bed,List_of_mathematicians,Fishing_net,Frying,Plaque,Centripetal_force
Emergency_services,Palette_knife,Oral_history,Foolscap,Imagination,Pantograph,Safety_lamp
"Montreal,_Quebec",List_of_mathematicians,Houseplant,Palette_knife,Hour,NEWI_Cefn_Druids_F.C.,Aberystwyth_Town_F.C.
Archaeology,List_of_mathematicians,Palette_knife,Imagination,Camden,Hawaiian_Islands,London_Borough_of_Islington
Australia,List_of_French_football_teams,List_of_mathematicians,Bed,Frying,Container,"Coden,_Alabama"
Spirituality,List_of_mathematicians,Houseplant,Palette_knife,Waxed_paper,PlayStation,List_of_Portuguese_football_teams
Belgium,List_of_mathematicians,Palette_knife,Hour,NEWI_Cefn_Druids_F.C.,Sideboard,Dye
Learning,Houseplant,Palette_knife,Plaque,Amylase,Amylase,Hill
Molecular_biology,Drink,Palette_knife,Percent,Christmas_stocking,Palette,Palette
China,List_of_French_football_teams,List_of_French_football_teams,Protease,Protease,List_of_common_elements,London_Borough_of_Lambeth
Taiwan,List_of_common_elements,Server_log,Fishing_net,List_of_mathematicians,Container,Frying
Superstitions,List_of_mathematicians,List_of_French_football_teams,Internet,Houseplant,Browser,Window
Irrational_numbers,Mountain,Machine_code,Thermometer,Area,Air_space,Spice
Problem_solving,List_of_French_football_teams,People\'s_Republic_of_China,Iran,Protease,Sweden,Kenya
Olympic_cities,List_of_mathematicians,Houseplant,Palette_knife,Hour,NEWI_Cefn_Druids_F.C.,Aberystwyth_Town_F.C.
Hyperoperations,Hour,Hour,Fingerplate,Aberystwyth_Town_F.C.,Gas_syringe,Gas_syringe
String_theory,Protease,List_of_mathematicians,Palette_knife,Palette,Sideboard,Aberystwyth_Town_F.C.
Cheeses,List_of_common_elements,List_of_Portuguese_football_teams,London_Borough_of_Islington,London_Borough_of_Merton,London_Borough_of_Wandsworth,London_Borough_of_Greenwich
Native_American,Bed,List_of_mathematicians,Alexander_Gode,Middlesbrough_F.C.,London_Borough_of_Islington,London_Borough_of_Islington
Social_sciences,List_of_common_elements,List_of_common_elements,List_of_French_football_teams,List_of_French_football_teams,Server_log,Server_log
France,List_of_French_football_teams,List_of_common_elements,Server_log,Alexander_Gode,Network,Dental_pulp
Languages_of_India,Protease,Vatican_City,Container,Month,Fishing_net,Inch
Vector_graphics_editors,List_of_French_football_teams,Bed,Classical_element,London_Borough_of_Islington,London_Borough_of_Merton,London_Borough_of_Wandsworth
Psychology,Protease,Floodlight,Server_log,Negative,Camden,Stuttgart
Lists_of_countries,Protease,Drink,Palette_knife,Christmas_stocking,Palette,Uncle
Cooking_methods,Bed,Server_log,Middlesbrough_F.C.,List_of_Portuguese_football_teams,Charlton_Athletic_F.C.,Bankside
Cuba,Australia,Pin_cushion,Blindness,Air,Cytology,Civics
Eastern_Europe,List_of_mathematicians,Hour,Dye,London_Borough_of_Islington,London_Borough_of_Merton,London_Borough_of_Wandsworth
Arithmetics,Poetry,Week,Hour,Hour,Fingerplate,Thermometer
Universe,Fishing_net,London_Borough_of_Camden,Australasia_(team),London_Borough_of_Islington,London_Borough_of_Merton,London_Borough_of_Wandsworth
Argentina,Bed,List_of_mathematicians,London_Borough_of_Islington,London_Borough_of_Merton,London_Borough_of_Wandsworth,London_Borough_of_Greenwich
Cities_in_Hawaii,NEWI_Cefn_Druids_F.C.,Charlton_Athletic_F.C.,Sheffield_F.C.,Roman,List_of_Portuguese_football_teams,Middlesbrough_F.C.
Angola,Protease,List_of_mathematicians,Hawaiian_Islands,Dye,London_Borough_of_Islington,London_Borough_of_Wandsworth
International_law,Crushing_by_elephant,Browser,Container,Plaque,NEWI_Cefn_Druids_F.C.,Gross_domestic_product
Language,Container,Houseplant,Houseplant,List_of_French_football_teams,Japan,Cost_of_living
United_States,List_of_mathematicians,Palette_knife,Hour,Hawaiian_Islands,List_of_Portuguese_football_teams,London_Borough_of_Islington
North_America,List_of_mathematicians,Houseplant,Palette_knife,Uncle,NEWI_Cefn_Druids_F.C.,Safety_lamp
Dublin,Protease,Frying,Hour,Dye,Suffix,London_Borough_of_Islington
Taxonomy,List_of_mathematicians,Uncle,NEWI_Cefn_Druids_F.C.,Dye,List_of_Portuguese_football_teams,London_Borough_of_Islington
Cell_biology,Percent,Palette_knife,Christmas_stocking,Palette,Governor_General,Paperback
Hair,List_of_French_football_teams,Bed,Bed,List_of_common_elements,List_of_common_elements,List_of_mathematicians
Breakfast_foods,List_of_French_football_teams,Server_log,Dye,Missouri_River,London_Borough_of_Islington,Bed
Armenia,List_of_mathematicians,Hour,Dye,London_Borough_of_Islington,London_Borough_of_Merton,London_Borough_of_Wandsworth
Italy,Protease,Protease,List_of_mathematicians,List_of_mathematicians,Accrington_Stanley_F.C.,Hawaii_Ponoi
Islands_in_Asia,List_of_common_elements,Server_log,Fishing_net,List_of_mathematicians,Container,Frying
Islands_in_Europe,AbiWord,1000_(number),Amylase,Luffa,Bile,Uncle
SUVs,Server_log,Fishing_net,Houseplant,Alexander_Gode,Hour,Middlesbrough_F.C.
Websites,Protease,Protease,Protease,Protease,List_of_French_football_teams,Charlton_Athletic_F.C.
Government_of_India,Protease,Vatican_City,Container,Month,Fishing_net,Inch
People_who_committed_suicide,Browser,Alexander_Gode,Principal,London_Borough_of_Islington,London_Borough_of_Merton,London_Borough_of_Wandsworth
Written_communication,List_of_common_elements,Protease,List_of_mathematicians,Governor_General,Fingerplate,Pin_cushion
Human_issues,Palette_knife,Paperback,NEWI_Cefn_Druids_F.C.,Hawaiian_Islands,Sideboard,Aberystwyth_Town_F.C.
Science_stubs,List_of_mathematicians,List_of_mathematicians,List_of_mathematicians,List_of_mathematicians,Server_log,Protease
Portuguese-speaking_countries,List_of_French_football_teams,List_of_mathematicians,List_of_mathematicians,Scottish_Football_League,Alexander_Gode,Dye
Accommodations,Palette_knife,NEWI_Cefn_Druids_F.C.,Aberystwyth_Town_F.C.,Dye,List_of_Portuguese_football_teams,London_Borough_of_Islington
Beijing,List_of_common_elements,Bed,Alexander_Gode,List_of_Spanish_football_teams,London_Borough_of_Merton,London_Borough_of_Wandsworth
Microsoft_operating_systems,Travel,Desktop_environment,Scalar,"Biel/Bienne,_Switzerland",Swatch_Internet_Time,Waxed_paper
Mosques,Bed,Hawaii_(island),Container,Alexander_Gode,Dye,Moloka\'i
Guernsey,List_of_French_football_teams,List_of_common_elements,Server_log,Alexander_Gode,Protoplasm,Middlesbrough_F.C.
Chemical_elements,Protease,Protease,Houseplant,Houseplant,Server_log,Bed
Egypt,List_of_mathematicians,Hour,NEWI_Cefn_Druids_F.C.,Camden,Middlesbrough_F.C.,Sheffield_F.C.
New_York_City,List_of_common_elements,City_of_London,Bed,Houseplant,"Toronto,_Ontario",Mile
Botany,List_of_common_elements,Server_log,Alexander_Gode,Camden,London_Borough_of_Merton,London_Borough_of_Wandsworth
Human_behavior,Houseplant,Christmas_stocking,Palette,Luffa,Hour,Hawaiian_Islands
Cooking_oils,List_of_French_football_teams,Light_year,London_Borough_of_Merton,London_Borough_of_Wandsworth,London_Borough_of_Greenwich,Charlton_Athletic_F.C.
Thermodynamics,Bed,List_of_mathematicians,Fishing_net,Container,Value,Numeral
Autonomous_communities_of_Spain,Camden,Dye,London_Borough_of_Islington,London_Borough_of_Merton,London_Borough_of_Wandsworth,London_Borough_of_Greenwich
Words,Protease,Protease,Protease,List_of_French_football_teams,List_of_French_football_teams,Server_log
Oceania,List_of_French_football_teams,List_of_mathematicians,Bed,Frying,Container,"Coden,_Alabama"
Spiral_galaxies,List_of_French_football_teams,List_of_common_elements,Frying,London_Borough_of_Islington,London_Borough_of_Merton,London_Borough_of_Wandsworth
Motors,Drink,Palette_knife,Minute,Uncle,Imagination,Hour
Judaism,List_of_mathematicians,Palette_knife,Camden,Sideboard,London_Borough_of_Islington,London_Borough_of_Wandsworth
Denmark,List_of_French_football_teams,Palette_knife,London_Borough_of_Islington,London_Borough_of_Merton,London_Borough_of_Wandsworth,London_Borough_of_Greenwich
Zoology,List_of_French_football_teams,Frying,Bed,Browser,List_of_Spanish_football_teams,Abrahamic_religion
Ecology,Browser,List_of_mathematicians,Political_divisions_of_China,Open_source,Paperback,Paperback
Cities_in_Nevada,List_of_French_football_teams,North,South,Meteor_shower,Principal,Charlton_Athletic_F.C.
War,Hill,Week,Plaque,Spice,Glass_rod,Swamp_cooler
Islands_of_Hawaii,Bed,Palette_knife,Palette_knife,Alexander_Gode,Great_Plains,Dye
Provinces_of_Canada,Protease,Frying,Houseplant,Palette_knife,Camden,London_Borough_of_Islington
Relationships,List_of_French_football_teams,London_Borough_of_Lambeth,London_Borough_of_Lambeth,Bed,List_of_common_elements,Cytology
Volcanoes_in_Hawaii,Palette_knife,Crucible,Imagination,Dental_pulp,Hawaiian_Islands,Sideboard
Theology,List_of_French_football_teams,Bed,Bed,Bed,List_of_common_elements,List_of_mathematicians
Old_Testament,Server_log,Anatomy,London_Borough_of_Lambeth,London_Borough_of_Lambeth,Dental_pulp,Protoplasm
Peace,Houseplant,Palette_knife,Palette,Paperback,Hour,Camden
Food_and_drink,Hill,Week,Floodlight,As,Chemical_cell,Chat
Planning,List_of_French_football_teams,People\'s_Republic_of_China,Iran,Protease,Sweden,Kenya
Caucasus,List_of_mathematicians,Hour,Dye,London_Borough_of_Islington,London_Borough_of_Merton,London_Borough_of_Wandsworth
Atmosphere,Protease,List_of_mathematicians,Palette_knife,Hour,Blackboard,NEWI_Cefn_Druids_F.C.
Servers,List_of_French_football_teams,Bed,List_of_mathematicians,Houseplant,Classical_element,Bankside
Members_of_NATO,List_of_common_elements,Alexander_Gode,List_of_French_football_teams,List_of_French_football_teams,Palette_knife,Palette_knife
Theatre,Dye,London_Borough_of_Islington,London_Borough_of_Merton,London_Borough_of_Wandsworth,London_Borough_of_Greenwich,Bankside
Germanic_languages,Scalar,Palette_knife,Palette,Governor_General,Uncle,Pantograph
Hobbies,Houseplant,Cognitive_science,Imagination,Dye,Dye,Container
Commonwealth_realms,Protease,List_of_mathematicians,Houseplant,Palette_knife,Uncle,Imagination
Commonwealth_member_states,List_of_French_football_teams,List_of_French_football_teams,Protease,Protease,Bed,Bed
Nonmetals,List_of_French_football_teams,Bed,Alexander_Gode,Alexander_Gode,Server_log,List_of_common_elements
Politics_of_China,Oesophagus,Hill,Amylase,Imagination,Pin_cushion,Dental_pulp
Anatidae,Hill,Palette_knife,Healthy_diet,Freeware,Governor_General,Uncle
Solar_System,Houseplant,Houseplant,Houseplant,List_of_French_football_teams,List_of_French_football_teams,London_Borough_of_Greenwich
Hydrogen_compounds,List_of_mathematicians,Tributary,Hour,Pantograph,Camden,Denarius
Oxygen_compounds,List_of_mathematicians,Tributary,Hour,Pantograph,Camden,Denarius
Money,1967,1990s,Brandenburg,Aston_Villa_F.C.,Zebra,Watershed
Performing_arts,Server_log,Skin,Zebra,Outer_space,Camden,Protoplasm
Slang,List_of_mathematicians,List_of_mathematicians,Alexander_Gode,Houseplant,Houseplant,Middlesbrough_F.C.
Internet,List_of_French_football_teams,List_of_French_football_teams,List_of_French_football_teams,List_of_French_football_teams,Arsenal_F.C.,Server_log
Science,Dye,Dye,Dye,List_of_Portuguese_football_teams,Charlton_Athletic_F.C.,London_Borough_of_Islington
Geography,Houseplant,Palette_knife,Camden,London_Borough_of_Islington,London_Borough_of_Wandsworth,London_Borough_of_Greenwich
Japan,List_of_French_football_teams,Alexander_Gode,Manchester_City_F.C.,Minute,City_of_Westminster,Laboratory_techniques
Internet_slang,Protease,Protease,Alexander_Gode,Christmas_stocking,Palette_knife,Sideboard
Software,List_of_Austrian_football_teams,Houseplant,Dye,Dye,Dye,Dye
Operating_systems,India,Finland,Netherlands,Poland,Afghanistan,People\'s_Republic_of_China
Food_stubs,Romania,Peru,Poland,Server_log,Server_log,Server_log
Animals,List_of_French_football_teams,Computer_program,Renegades,NEWI_Cefn_Druids_F.C.,Fishing_net,Aberystwyth_Town_F.C.
English_scientists,Browser,Alexander_Gode,Principal,London_Borough_of_Islington,London_Borough_of_Merton,London_Borough_of_Wandsworth
County_seats_in_Nevada,List_of_French_football_teams,North,South,Meteor_shower,Principal,Charlton_Athletic_F.C.
Wikis,Protease,Houseplant,Palette_knife,Hour,Camden,Hawaiian_Islands
Everyday_life,List_of_common_elements,List_of_mathematicians,Fishing_net,Container,Oral_history,Cognitive_science
Parts_of_speech,Protease,Bed,Bed,List_of_common_elements,List_of_mathematicians,First_language
Afghanistan,Palette,Governor_General,Hour,NEWI_Cefn_Druids_F.C.,Hawaiian_Islands,List_of_Portuguese_football_teams
English_mathematicians,Browser,Alexander_Gode,Principal,London_Borough_of_Islington,London_Borough_of_Merton,London_Borough_of_Wandsworth
Time,People\'s_Republic_of_China,Sweden,Kenya,Houseplant,Gross_domestic_product,Charlton_Athletic_F.C.
Physics,Alexander_Gode,North,Principal,Fingerplate,Dye,Dye
Music,Server_log,Skin,Zebra,Outer_space,Camden,Protoplasm
Art,Bed,Container,Houseplant,Mancala,Renegades,London_Borough_of_Lambeth
Wines,God\'s_eye_view,Hill,Amylase,Air_space,Indian,Swamp_cooler
Earth,List_of_French_football_teams,Bed,Camden,London_Borough_of_Islington,London_Borough_of_Merton,London_Borough_of_Wandsworth
People_stubs,List_of_mathematicians,Imagination,Hour,Fingerplate,Camden,Dye
Theater,Protease,Alexander_Gode,Fishing_net,London_Borough_of_Camden,London_Borough_of_Islington,London_Borough_of_Islington
Geography_stubs,Protease,Protease,Protease,Protease,Protease,Alexander_Gode
Fishing,Bed,Middlesbrough_F.C.,London_Borough_of_Islington,London_Borough_of_Merton,London_Borough_of_Wandsworth,London_Borough_of_Greenwich
Water,List_of_French_football_teams,List_of_common_elements,Protease,Server_log,Buddha,Frying
Latin_alphabet,Fishing_net,Alberta,London_Borough_of_Merton,London_Borough_of_Wandsworth,London_Borough_of_Greenwich,Cost_of_living
Business,List_of_mathematicians,Litre,London_Borough_of_Islington,Ranch,London_Borough_of_Merton,London_Borough_of_Wandsworth
Shapes,List_of_mathematicians,List_of_mathematicians,Houseplant,Houseplant,Camden,Flavor
Galaxies,Fishing_net,Historian,Pacific_Ocean,Palette_knife,Hour,Principal
Weather,List_of_common_elements,List_of_mathematicians,Server_log,Alexander_Gode,Imagination,Dye
Plant_anatomy,List_of_common_elements,Alexander_Gode,Scottish_Football_League,Hawaiian_Islands,London_Borough_of_Merton,London_Borough_of_Wandsworth
Neptune,Drink,Palette_knife,Waxed_paper,Christmas_stocking,Palette,Paperback
Gas_giants,Alexander_Gode,Alexander_Gode,Houseplant,NEWI_Cefn_Druids_F.C.,NEWI_Cefn_Druids_F.C.,Photosynthesis
Terrestrial_planets,List_of_French_football_teams,List_of_French_football_teams,Protease,Protease,Bed,Houseplant
Jupiter,NEWI_Cefn_Druids_F.C.,Sideboard,Dye,List_of_Portuguese_football_teams,London_Borough_of_Islington,London_Borough_of_Wandsworth
Biology_stubs,Houseplant,Houseplant,Server_log,Server_log,Server_log,Server_log
Government,London_Borough_of_Camden,Australasia_(team),London_Borough_of_Islington,London_Borough_of_Merton,London_Borough_of_Wandsworth,London_Borough_of_Greenwich
Periodic_table,Week,Inch,Vegetable_oil,Inkpad,Palette,North_Rhine-Westphalia
Computer_hardware,List_of_Austrian_football_teams,Protease,Hill,Plaque,Oral_history,Window
Computer_networking,List_of_French_football_teams,Bed,Scottish_Football_League,Plaque,Cytology,List_of_Portuguese_football_teams
Agriculture,Romania,United_Kingdom,Houseplant,Houseplant,Italy,Camden
Canadian_singers,Romania,Afghanistan,Norway,Protease,Quebec,List_of_mathematicians
Canadian_songwriters,Romania,Afghanistan,Norway,Protease,Quebec,List_of_mathematicians
Latin_words_used_in_English,List_of_French_football_teams,List_of_common_elements,Browser,Alexander_Gode,North,Blackburn_Rovers_F.C.
Biochemistry,Drink,Palette,Treaty,Imagination,Halley\'s_Comet,Dye
Numbers,Protease,Protease,Angola,Alexander_Gode,Albania,People\'s_Republic_of_China
India,Protease,Vatican_City,Container,Month,Fishing_net,Inch
Astrophysics,List_of_common_elements,Houseplant,Tributary,Uncle,Imagination,NEWI_Cefn_Druids_F.C.
Gay_men,Browser,Alexander_Gode,Principal,London_Borough_of_Islington,London_Borough_of_Merton,London_Borough_of_Wandsworth
Nobel_Prize_in_Literature_winners,List_of_mathematicians,Imagination,Hour,Fingerplate,Camden,Dye
Abrahamic_religions,List_of_French_football_teams,London_Borough_of_Islington,London_Borough_of_Merton,London_Borough_of_Wandsworth,London_Borough_of_Greenwich,Charlton_Athletic_F.C.
Google,Charlton_Athletic_F.C.,Hour,Hacksaw,NEWI_Cefn_Druids_F.C.,Sheffield_F.C.,FAQ
Pulmonology,Oldham_Cricket_Club,Uncle,Imagination,Pantograph,NEWI_Cefn_Druids_F.C.,Aberystwyth_Town_F.C.
Latin_phrases,List_of_mathematicians,Houseplant,Palette_knife,NEWI_Cefn_Druids_F.C.,Camden,London_Borough_of_Islington
Materials,List_of_common_elements,Bed,Bed,List_of_mathematicians,Alexander_Gode,Container
Writing,List_of_mathematicians,Nim,Aberystwyth_Town_F.C.,Dye,London_Borough_of_Islington,London_Borough_of_Merton
Divided_regions,AbiWord,1000_(number),Amylase,Luffa,Bile,Uncle
Dictionaries,List_of_Austrian_football_teams,Houseplant,Houseplant,Oldham_Cricket_Club,Palette_knife,Palette_knife
Diseases_caused_by_bacteria,Oldham_Cricket_Club,Uncle,Imagination,Pantograph,NEWI_Cefn_Druids_F.C.,Aberystwyth_Town_F.C.
Diseases_caused_by_viruses,1000_(number),London_Borough_of_Islington,London_Borough_of_Merton,London_Borough_of_Wandsworth,London_Borough_of_Greenwich,Renegades
LGBT_people_from_the_United_Kingdom,Browser,Alexander_Gode,Principal,London_Borough_of_Islington,London_Borough_of_Merton,London_Borough_of_Wandsworth
Plants,Server_log,List_of_mathematicians,Palette_knife,Alexander_Gode,Hour,Gas_syringe
People_from_Ottawa,Romania,Afghanistan,Norway,Protease,Quebec,List_of_mathematicians
Religion,List_of_mathematicians,Browser,Houseplant,Window,Glass,Birmingham_City_F.C.
Dance,List_of_mathematicians,Australasia_(team),Roman,NEWI_Cefn_Druids_F.C.,Pin_cushion,Suffix
Legislatures,List_of_French_football_teams,Bed,Drink,Palette_knife,Alexander_Gode,Camden
"Cities_with_more_than_500,000_inhabitants",List_of_common_elements,City_of_London,Bed,Houseplant,"Toronto,_Ontario",Mile
Statistics,Protease,Evidence,Palette_knife,Amylase,Air_space,Shovel
Algebra,Japanese_language,Leader,Palette_knife,Palette,Physiology,Saarlouis
Foods,List_of_common_elements,Bed,Cytology,Charlton_Athletic_F.C.,Governor_General,NEWI_Cefn_Druids_F.C.
National_anthems,List_of_French_football_teams,List_of_French_football_teams,Protease,Frying,Alexander_Gode,Bottle
Immunology,List_of_mathematicians,List_of_Portuguese_football_teams,London_Borough_of_Islington,London_Borough_of_Merton,London_Borough_of_Wandsworth,London_Borough_of_Greenwich
Construction,List_of_French_football_teams,List_of_French_football_teams,List_of_common_elements,Container,Server_log,List_of_mathematicians
